No Rebalance,Rebalance
1.809684123584902,1.0904891668725272
1.410949838011666,0.8840660683704381
